37467187016	success	2026-10-06T12:58:19Z	2026-10-06T13:07:52Z	fable/substrate-safe-fixes	push
37465873976	success	2026-10-06T12:47:48Z	2026-10-06T12:57:34Z	fix/ci-bootstrap-teardown-pgbin	pull_request
37461135904	success	2026-10-06T12:08:20Z	2026-10-06T12:18:28Z	fix/ci-bootstrap-teardown-pgbin	pull_request
37459885766	success	2026-10-06T11:57:32Z	2026-10-06T12:07:08Z	fable/substrate-safe-fixes	push
37435553072	success	2026-10-06T08:21:23Z	2026-10-06T08:30:39Z	fable/substrate-safe-fixes	push
37434225167	success	2026-10-06T08:09:20Z	2026-10-06T08:18:46Z	fix/ddl-silo-guard-rule-g	pull_request
37431654034	success	2026-10-06T07:45:22Z	2026-10-06T07:55:21Z	fix/ddl-silo-guard-rule-g	pull_request
37425150814	success	2026-10-06T06:41:21Z	2026-10-06T06:50:45Z	fable/substrate-safe-fixes	push
37420835882	success	2026-10-06T05:53:49Z	2026-10-06T06:03:04Z	fix/lane-secrets-guard-coverage	pull_request
37415908983	success	2026-10-06T04:54:16Z	2026-10-06T05:03:33Z	fable/substrate-safe-fixes	push
37414039153	success	2026-10-06T04:30:33Z	2026-10-06T04:40:18Z	feat/vault-secret-host-wraps	pull_request
37398868562	success	2026-10-06T01:22:56Z	2026-10-06T01:32:14Z	fable/substrate-safe-fixes	push
37397717711	success	2026-10-06T01:09:24Z	2026-10-06T01:19:20Z	fix/data-provenance-org-id-full-uuid	pull_request
37395717276	success	2026-10-06T00:46:13Z	2026-10-06T00:55:50Z	fix/data-provenance-org-id-full-uuid	pull_request
37387411234	success	2026-10-05T23:15:08Z	2026-10-05T23:24:40Z	fable/substrate-safe-fixes	push
37386249100	success	2026-10-05T23:03:20Z	2026-10-05T23:12:58Z	fix/switch-lane-token-provider-verify	pull_request
37385423256	success	2026-10-05T22:54:53Z	2026-10-05T23:04:26Z	fable/substrate-safe-fixes	push
37382974461	success	2026-10-05T22:31:02Z	2026-10-05T22:40:14Z	fable/substrate-safe-fixes	push
37382605263	success	2026-10-05T22:27:37Z	2026-10-05T22:37:07Z	fix/wake-backstop-live-poll-marker	pull_request
37381723692	success	2026-10-05T22:19:29Z	2026-10-05T22:28:43Z	fable/substrate-safe-fixes	push
37380349410	success	2026-10-05T22:06:52Z	2026-10-05T22:16:18Z	feat/provider-routing-ab-harness	pull_request
37378173018	success	2026-10-05T21:47:03Z	2026-10-05T21:56:37Z	ci/pgvector-bootstrap	pull_request
37372685950	failure	2026-10-05T20:55:06Z	2026-10-05T21:04:45Z	feat/provider-routing-ab-harness	pull_request
37372216430	failure	2026-10-05T20:50:26Z	2026-10-05T21:01:04Z	ci/pgvector-bootstrap	pull_request
37372008972	failure	2026-10-05T20:48:21Z	2026-10-05T21:07:50Z	feat/provider-routing-ab-harness	pull_request
37368163463	success	2026-10-05T20:11:15Z	2026-10-05T20:31:13Z	fable/substrate-safe-fixes	push
37363026944	success	2026-10-05T19:23:13Z	2026-10-05T19:32:42Z	fix/glm-lane-auth-fp-clear	pull_request
37359887775	success	2026-10-05T18:57:38Z	2026-10-05T19:06:46Z	fable/substrate-safe-fixes	push
37359437787	success	2026-10-05T18:54:04Z	2026-10-05T19:04:55Z	fable/substrate-safe-fixes	push
37358492377	success	2026-10-05T18:46:31Z	2026-10-05T18:57:11Z	feat/stage-file-channel-routing	pull_request
